mutant,change,codon position,fitness (% of WT in replication (spreading) assay in JVI paper)
G4E, G to A,second,0.24385526535075900
E10D, A to T,third,107.89336582510700000
E13V, A to T,second,93.85633953531640000
S17N, G to A,second,141.18091723129800000
N18I, A to T,second,0.00000000000000000
P30H, C to A,second,3.85108479972471000
P30S, C to T,first,2.33362062796176000
K34E, A to G,first,0.03778691986119820
V37E, T to A,second,1.52198383896680000
C40F, G to T,second,0.00000000000000000
K42R, A to G,second,87.67427460878950000
K42I, A to T,second,71.16260786200110000
A49V, C to T,second,79.85865537481330000
M50I, G to A,third,75.23542238455880000
M50L, A to T,first,86.21319460619140000
M50V, A to G ,first,71.05046338065870000
G52R, G to A,first,0.32612754522166100
Q53L, A to T,second,39.69495824617460000
V54A, T to C,second,89.88422080015870000
D55E, C to A,third,30.26953405412990000
D55N, G to A,first,65.66158132143180000
C56Y, G to A,second,91.07813192193810000
G59E, G to A,second,64.96267598979490000
D64E, T to G,third,0.00000000000000000
C65F, G to T,second,0.23159599283349400
C65S, G to C,second,60.62901533486110000
C65Y, G to A,second,0.11518384108930100
L68S, T to C,second,103.54610080299500000
V72D , T to A,second,15.57371652647370000
L74M, T to A,first,64.49935105579690000
V75I, G to A,first,73.39074434838220000
V75L, G to C,first,68.79142235521990000
A76T, G to A,first,0.00000000000000000
A76S, G to T,first,0.03891390966805180
V77F, G to T,first,0.00000000000000000
V77I, G to A,first,56.78271998072290000
H78L, A to T,second,0.00000000000000000
S81N, G to A,second,0.00000000000000000
Y83H, T to C,first,52.51490491583550000
I84V, A to G,first,0.00000000000000000
A86V, C to T,second,0.00000000000000000
A86T, G to A,first,0.07682866040933080
E87G, A to G,second,0.08249090867695470
P90L, C to T,second,16.92617727349660000
P90Q, C to A,second,66.36963461840150000
A91V, C to T,second,46.54355848433860000
A91T, G to A,first,44.60738146393160000
T93I, C to T,second,15.52171672859110000
Q95L, A to T,second,35.26129450865210000
L102S, T to C,second,0.03732188875031690
L102F, A to C,third,13.27172898792600000
K103E, A to G,first,0.00000000000000000
W108R, T to C,first,0.00000000000000000
P109Q, C to A,second,0.38401183616641800
P109S, C to T,first,0.00000000000000000
T112R, C to G,second,44.11498501188110000
T112I, C to T,second,61.81785306343310000
V113L,G to T,first,86.84887058690390000
V113A, T to C,second,0.07160705713326590
T115I, C to T,second,7.90199003717096000
G118D, G to A,second,0.00000000000000000
S119N, G to A,second,2.19053483494244000
S123T,G to C,second,3.28105225135366000
S123N, G to A,second,40.37428952005880000
T124I, C to T,second,58.12552803886350000
T124S, C to G,second,94.20507590844750000
T125A, A to G,first,92.02514450534740000
V126F, G to T,first,82.85336432154710000
K127T, A to C,second,39.08560529271210000
A129V, C to T,second,9.56170070984856000
A129T,G to A,first,34.96786579144100000
A129S, G to T,first,28.62840514550110000
W131C, G to C,third,15.20533185597380000
W132C, G to T,third,0.07504314230250960
I135T, T to C,second,0.00000000000000000
I135F, A to T,first,0.00000000000000000
Q137H, G to T,third,87.38839710394590000
E138D, A to T,third,90.43388598095650000
N144I, A to T,second,0.00000000000000000
P145S, C to T,first,3.32997481587619000
Q148R, A to G,second,13.83309194457630000
I151T, T to C,second,11.96979289385540000
E152D, A to C,third,0.00000000000000000
N155Y, A to T,first,0.00000000000000000
K156T, A to C,second,15.65696630620850000
K159M, A to T,second,29.47730971691110000
K160E, A to G,first,11.83116366067470000
I162T, T to C,second,3.07022042191136000
G163R, G to A,first,105.10361502305100000
Q164H, G to T,third,107.20877797593200000
V165L, G to C,first,0.00000000000000000
R166I, G to T,second,0.00000000000000000
D167E, T to A,third,132.86809531358100000
E170K, G to A,first,88.79422054539610000
L172F, C to T,first,143.42960403790500000
T174I, C to T,second,57.92746107039880000
V176I, G to A,first,6.63525470988683000
M178V, A to G,first,0.00000000000000000
A179V, C to T,second,0.00000000000000000
V180I,G to A,first,63.59354304400960000
F181Y, T to A,second,95.08245594421540000
I182M, C to G,third,0.00000000000000000
I182N, T to A,second,0.00000000000000000
H183Q, C to G,third,9.58917876786338000
K188E, A to G,first,0.00000000000000000
K188N, A to T,third,0.12787265929097200
G189E, G to A,second,8.62192985394944000
G192E, G to A,second,0.03678356286767010
A196G, C to G,second,0.00000000000000000
G197R, G to A,first,0.00000000000000000
G197W, G to T,first,8.42025609448492000
G197E, G to A,second,0.00000000000000000
E198K, G to A,first,0.00000000000000000
E198Q,G to C,first,91.44830553178160000
I200M, A to G,third,98.45218331918600000
D202E, C to A,third,0.97272826608917000
I203M, A to G,third,101.49758011200600000
I203L, A to T,first,98.00831555727200000
I204K, T to A,second,0.00000000000000000
I204V,A to G,first,86.99651935058890000
A205S, G to T,first,78.96954150522580000
T210I, C to T,second,44.59698038531100000
K211R, A to G,second,55.73884002703660000
E212D, A to C,third,0.23954796341112400
L213F, A to T,third,0.00000000000000000
Q214E, C to G,first,79.07532190228190000
Q214L, A to T,second,5.15284067449612000
Q214H, A to T,third,54.81450806356400000
K215R, A  to G,second,86.29575814746070000
K215T, A to C,second,25.88316985233390000
Q216H, A to T,third,102.14022276938600000
N222I, A to T,second,5.77314589801324000
N222Y, A to T,first,93.77720423613470000
R228W, A to T,first,0.00000000000000000
K236I, A to T ,second,23.01300917473140000
K244I, A to T,second,0.04023964802862750
K244N, A to C,third,21.44106850850210000
V249E, T to A,second,0.00000000000000000
I251K, T to A,second,0.00000000000000000
I251V, A to G,first,92.01957991230660000
Q252H, A to T,third,89.56850901401620000
S255I, G to T,second,70.05188849226030000
D256V, A to T,second,53.34456577103750000
I257M, A to G,third,34.39098896583060000
I257V, A to G,first,48.69681203578790000
I257L, A to T,first,65.31424789833860000
K258R, A to G,second,62.61207244058330000
K258E, A to G,first,0.03804314579685640
P261S, C to T,first,85.82072402584780000
K266N, G to T,third,0.00000000000000000
R269G, A to G,first,0.56906923361332600
M275L, A to T,first,47.67656798587610000
G277S, G to A,first,49.76015963636130000
A282T, G to A,first,87.17718547161980000
D286N, G to A,first,122.37158393908500000
D288G, A to G,second,86.37447907269770000
