mutant,change,codon position of change,"fitness (% of WT in replication (spreading) assay, as reported in PLOS Path paper)"
I2L,A to T,first,65.56635767578570000
I2T,T to C,second,0.02260908885371920
N5D,A to G,first,5.15487225864798000
I6T,T to C,second,56.88446755595750000
M10I,G to T,third,2.91657246212978000
M10L,A to T,first ,27.01786118019440000
M10V,A to G,first,16.17459190594610000
H12R,A to G,second,0.02260908885371920
Q13H,G to T,third,5.81053583540583000
Q13R,A to G,second,0.15826362197603400
A14S,G to T,first,80.69183811892380000
A14T,G to A,first,86.61541939859820000
I15V,A to G,first,13.63328057879270000
S16P,T to C,first,0.54261813248926100
R18G,A to G,first,0.02260908885371920
N21S,A to G,second,46.55211394980780000
N21Y,A to T,first,0.00000000000000000
K25I,A to T,second,0.06782726656115760
V26E,T to A,second,0.00000000000000000
K30E,A to G,first,0.00000000000000000
K30N,G to T,third,0.00000000000000000
F32L,C to A,third,0.04521817770743840
F32S,T to C,second,0.02260908885371920
S33C,A to T,first,47.81822292561610000
S33I,G to T,second,0.02260908885371920
P34S,C to T,first,0.04521817770743840
V36A,T to C,second,0.27130906624463000
M39T,T to C,second,0.02260908885371920
M39V,A to G,first,0.06782726656115760
F40L,T to A,third,0.00000000000000000
F40Y,T to A,second,0.00000000000000000
L43I,T to A,first,0.02260908885371920
G46R,G to A,first,0.06782726656115760
P49L,C to T,second,0.04521817770743840
Q50H,A to T,third,3.07483608410581000
L52F,A to T,third,0.00000000000000000
N57S,A to G,second,0.88175446529504900
V59A,T to C,second,0.02260908885371920
V59M,G to A,first,0.00000000000000000
G60W,G to T,first,0.04521817770743840
Q63R,A to G,second,0.00000000000000000
A65V,C to T,second,0.02260908885371920
M66I,G to A,third,0.24869997739091100
M66V,A to G,first,0.04521817770743840
M68L,A to T,first,1.89916346371241000
M68T,T to C,second,0.02260908885371920
L69I,T to A,first,1.33393624236943000
I73N,T to A,second,0.00000000000000000
E75D,G to T,third,22.06647072122990000
A77D,C to A,second,0.09043635541487680
W80R,T to C,first,0.02260908885371920
V83M,G to A,first,64.77503956590550000
H87Q,T to A,third,92.04160072349080000
H87R,A to G,second,2.53221795161655000
P90T,C to A,first,0.58783631019669900
I91T,T to C,second,76.87090210264530000
I91V,A to G,first,82.83970156002710000
Q95L,A to T,second,0.40696359936694600
Q95R,A to G,second,0.09043635541487680
M96I,G to A,third,92.04275830884020000
M96T,T to C,second,0.90436355414876800
E98D,A to C,third,63.37327605697490000
P99A,C to G,first,0.00000000000000000
P99L,C to T,second,0.06782726656115760
R100S,G to T,third,42.50508704499210000
R100W,A to T,first,0.00000000000000000
S102R,T to A,third,0.13565453312231500
A105G,C to G,second,0.02260908885371920
T110I,C to T,second,0.02260908885371920
L111F,C to T,first,0.00000000000000000
E113V,A to T,second,0.00000000000000000
I115K,T to A,second,0.06782726656115760
I115L,A to T,first,0.02260908885371920
I115T,T to C,second,0.04521817770743840
M118L,A to T,first,0.02260908885371920
M118V,A to G,first,0.00000000000000000
H120P,A to C,second,0.00000000000000000
N121I,A to T,second,0.47479086592810300
I124N,T to A,second,0.06782726656115760
V126A,T to C,second,0.00000000000000000
I129M,C to G,third,0.00000000000000000
I129T,T to C,second,0.00000000000000000
Y130C,A to G,second,0.00000000000000000
Y130H,T to C,first,0.02260908885371920
R132G,A to G,first,0.22609088853719200
G137E,G to A,second,0.06782726656115760
L138I,T to A,first,0.00000000000000000
M144V,A to G,first,0.88175446529504900
S146C,A to T,first,34.02667872484740000
T148I,C to T,second,37.32760569749040000
S149C,A to T,first,73.68302057427090000
S149G,A to G,first,30.25096088627630000
I150V,A to G,first,3.05222699525209000
L151I,C to A,first,0.92697264300248700
L151Q,T to A,second,0.00000000000000000
I153M,A to G,third,0.00000000000000000
I153T,T to C,second,4.65747230386615000
E159V,A to T,second,0.00000000000000000
F161C,T to G,second,0.00000000000000000
D163G,A to G,second,0.02260908885371920
Y164F,A to T,second,30.56748813022840000
V165A,T to C,second,0.00000000000000000
R167Q,G to A,second,5.87836310196699000
F168S,T to C,second,0.02260908885371920
R173I,G to T,second,0.02260908885371920
A174G,C to G,second,0.06782726656115760
A177S,G to T,first,37.28238751978300000
K182Q,A to C,first,0.02260908885371920
W184L,G to T,second,0.00000000000000000
W184R,T to A,first,0.00000000000000000
M185I,G to A,third,2.53699977390911000
T186A,A to G,first,0.27130906624463000
E187V,A to T,second,47.38865023739540000
L190M,T to A,first,32.60230612706310000
L190S,T to C,second,0.00000000000000000
A194V,C to T,second,0.06782726656115760
N195S,A to G,second,0.06782726656115760
T200S,A to T,first,90.34591905946190000
I201N,T to A,second,0.00000000000000000
A204G,C to G,second,89.01198281709250000
G208E,G to A,second,3.78178159620167000
A209T,G to A,first,94.30250960886280000
A209V,C to T,second,84.28668324666520000
L211I,C to A,first,0.42957268822066500
E212D,A to T,third,0.00000000000000000
M214V,A to G,first,0.00000000000000000
M215V,A to G,first,0.00000000000000000
T216A,A to G,first,37.54326023061270000
A217V,C to T,second,0.09043635541487680
Q219P,A to C,second,0.02260908885371920
G220V,G to T,second,0.00000000000000000
V221A,T to C,second,0.02260908885371920
K227I,A to T,second,0.11304544426859600
K227N,A to C,third,0.00000000000000000
K227R,A to G,second,0.02260908885371920
